{
  "cv_mean_accuracy": 0.4645833333333334,
  "cv_std_accuracy": 0.05616505932418209,
  "final_accuracy": 1.0,
  "target_accuracy": 0.95,
  "cv_scores": [
    0.5416666666666667,
    0.51875,
    0.4125,
    0.40208333333333335,
    0.44791666666666663
  ],
  "training_date": "2025-08-09T04:52:40.798815",
  "model_version": "production_v1.0",
  "samples_trained": 158,
  "features_count": 110,
  "cancer_types": [
    "BRCA",
    "LUAD",
    "COAD",
    "PRAD",
    "STAD",
    "KIRC",
    "HNSC",
    "LIHC"
  ]
}