{
  "feature_49": 0.0659882823892983,
  "feature_58": 0.0578177489376067,
  "feature_64": 0.0554359999546155,
  "feature_63": 0.0543302357666086,
  "feature_59": 0.0513421013007212,
  "feature_62": 0.0513234886081774,
  "feature_51": 0.050510289826508,
  "feature_53": 0.04978402784443,
  "feature_52": 0.0493198716160447,
  "feature_47": 0.0491473715986529,
  "feature_50": 0.0471956448522667,
  "feature_48": 0.0469413120939749,
  "feature_60": 0.0453745735885625,
  "feature_57": 0.0449572095802115,
  "feature_54": 0.0411827969844483,
  "feature_61": 0.0395701486335961,
  "feature_45": 0.0385756264078453,
  "feature_55": 0.0378095801001471,
  "feature_56": 0.0363207591339087,
  "feature_46": 0.0357811390259872,
  "feature_33": 0.0052543179551898,
  "feature_43": 0.0035529208405189,
  "feature_20": 0.0032619925637606,
  "feature_41": 0.003176103549238,
  "feature_21": 0.0023198159487505,
  "feature_36": 0.0021463264055892,
  "feature_22": 0.0021233110764943,
  "feature_31": 0.0016822710354526,
  "feature_27": 0.0016583868952214,
  "feature_28": 0.0016208164597634,
  "feature_23": 0.0015280507364952,
  "feature_26": 0.0013376063228468,
  "feature_34": 0.0012906005305202,
  "feature_44": 0.0011325323182442,
  "feature_32": 0.0010969216957259,
  "feature_16": 0.0010692721115024,
  "feature_2": 0.0009628437208334,
  "feature_30": 0.0009546322523695,
  "feature_29": 0.0009164096830706,
  "feature_35": 0.0008843969804932,
  "feature_38": 0.0008751005025591,
  "feature_39": 0.0008724399359098,
  "feature_42": 0.0008664745121568,
  "feature_40": 0.0006930494058907,
  "feature_24": 0.0006572186316326,
  "feature_25": 0.0006046701194367,
  "feature_12": 0.0005031144886621,
  "feature_37": 0.0004996352477293,
  "feature_9": 0.0003829094267396,
  "feature_4": 0.0003551105357581,
  "feature_19": 0.0003532636912781,
  "feature_14": 0.0003334071837708,
  "feature_5": 0.0002738165078282,
  "feature_15": 0.0002665417089468,
  "feature_6": 0.0002439944230531,
  "feature_77": 0.0002310810581486,
  "feature_13": 0.0002224684620592,
  "feature_98": 0.0002159542460291,
  "feature_11": 0.000206536944187,
  "feature_88": 0.0001984230739463,
  "feature_69": 0.0001896398663473,
  "feature_1": 0.0001797151243877,
  "feature_10": 0.0001756976884036,
  "feature_70": 0.0001694917479002,
  "feature_102": 0.0001647951872052,
  "feature_94": 0.0001602135429268,
  "feature_7": 0.0001590594494968,
  "feature_105": 0.000153741033693,
  "feature_96": 0.0001457815244766,
  "feature_18": 0.0001436142161769,
  "feature_80": 0.0001338056736227,
  "feature_8": 0.0001312579690776,
  "feature_108": 0.0001289437843839,
  "feature_66": 0.0001270764382935,
  "feature_78": 0.0001219326040861,
  "feature_101": 0.0001207734301793,
  "feature_97": 0.0001198722342389,
  "feature_91": 0.0001184402360975,
  "feature_17": 0.0001112367906381,
  "feature_100": 0.0001084713691917,
  "feature_72": 9.86915183157028e-05,
  "feature_92": 9.795739533592228e-05,
  "feature_73": 9.464345503557692e-05,
  "feature_106": 8.596110271118462e-05,
  "feature_109": 8.539406552835996e-05,
  "feature_86": 8.395081605210334e-05,
  "feature_3": 8.156433414790992e-05,
  "feature_65": 6.467714206282761e-05,
  "feature_75": 6.31945641017003e-05,
  "feature_0": 6.279690637952574e-05,
  "feature_99": 6.073617792193591e-05,
  "feature_103": 5.9886352686815464e-05,
  "feature_107": 5.370721151629579e-05,
  "feature_90": 5.0070112908847955e-05,
  "feature_95": 4.8844347817221376e-05,
  "feature_67": 4.80493410680708e-05,
  "feature_89": 4.470374410090181e-05,
  "feature_84": 4.303934437005548e-05,
  "feature_87": 4.158305167814126e-05,
  "feature_83": 4.087916208886387e-05,
  "feature_104": 3.940200787420498e-05,
  "feature_76": 3.866914436604419e-05,
  "feature_79": 3.817859793820088e-05,
  "feature_93": 3.812992433804588e-05,
  "feature_85": 3.432518219004788e-05,
  "feature_68": 3.110269517424477e-05,
  "feature_82": 2.9163582149281877e-05,
  "feature_71": 2.6566046920787604e-05,
  "feature_74": 1.2857052971259597e-05,
  "feature_81": 4.768278009272059e-06
}