{
  "feature_0": 0.004989624175627944,
  "feature_1": 0.006603576777113457,
  "feature_2": 0.005355801103554623,
  "feature_3": 0.009139499198709653,
  "feature_4": 0.004074699968207733,
  "feature_5": 0.006984189381004075,
  "feature_6": 0.005119941743859739,
  "feature_7": 0.005687011046535091,
  "feature_8": 0.007342660059646893,
  "feature_9": 0.005708174411576253,
  "feature_10": 0.006373863767950416,
  "feature_11": 0.006995344008359951,
  "feature_12": 0.007223121027134962,
  "feature_13": 0.005784603877529117,
  "feature_14": 0.005363214160887923,
  "feature_15": 0.006487259244541907,
  "feature_16": 0.0056767730677964486,
  "feature_17": 0.007589675609850888,
  "feature_18": 0.005658652406080265,
  "feature_19": 0.004524133074047595,
  "methylation_0": 0.025448816879509967,
  "methylation_1": 0.027292600188624797,
  "methylation_2": 0.016633273501366872,
  "methylation_3": 0.02322185100159087,
  "methylation_4": 0.03166865622043958,
  "methylation_5": 0.03233724973341945,
  "methylation_6": 0.0365749730911419,
  "methylation_7": 0.032792891641088735,
  "methylation_8": 0.02053789093254023,
  "methylation_9": 0.025088516194978854,
  "methylation_10": 0.03293923276188466,
  "methylation_11": 0.03925495912007772,
  "methylation_12": 0.032363527710231474,
  "methylation_13": 0.024257170463385602,
  "methylation_14": 0.02292694621244267,
  "methylation_15": 0.029078419150973103,
  "methylation_16": 0.026229649888468525,
  "methylation_17": 0.032621140477689506,
  "methylation_18": 0.034514699331035646,
  "methylation_19": 0.017786132407725082,
  "mutation_0": 0.02350398750848086,
  "mutation_1": 0.035918892770630824,
  "mutation_2": 0.024069223286465873,
  "mutation_3": 0.018692324854077565,
  "mutation_4": 0.018319884859457153,
  "mutation_5": 0.003056156738529382,
  "mutation_6": 0.003369229311356646,
  "mutation_7": 0.0029461672900275137,
  "mutation_8": 0.0021553371127862107,
  "mutation_9": 0.003094527305178595,
  "mutation_10": 0.0031493604231046025,
  "mutation_11": 0.003490001114238205,
  "mutation_12": 0.002700233109401738,
  "mutation_13": 0.0028826354172061443,
  "mutation_14": 0.003360459236071472,
  "mutation_15": 0.0036174395719939054,
  "mutation_16": 0.0030670403295227347,
  "mutation_17": 0.001712418227122891,
  "mutation_18": 0.002982548203295116,
  "mutation_19": 0.0029880688528195233,
  "mutation_20": 0.004133310047296054,
  "mutation_21": 0.0037252964180443217,
  "mutation_22": 0.0030043032964009856,
  "mutation_23": 0.003006561543581199,
  "mutation_24": 0.002576291621455555,
  "cn_alteration_0": 0.003316880069820944,
  "cn_alteration_1": 0.0033030212010218382,
  "cn_alteration_2": 0.0030736412525748345,
  "cn_alteration_3": 0.004125323769210657,
  "cn_alteration_4": 0.002833911370970594,
  "cn_alteration_5": 0.002152407338272865,
  "cn_alteration_6": 0.0033554356786986957,
  "cn_alteration_7": 0.003882429719514891,
  "cn_alteration_8": 0.001628204414032306,
  "cn_alteration_9": 0.0028912599539105523,
  "cn_alteration_10": 0.00364677951138882,
  "cn_alteration_11": 0.004699277634092418,
  "cn_alteration_12": 0.0025813079736271335,
  "cn_alteration_13": 0.003657493074683214,
  "cn_alteration_14": 0.004502871991860927,
  "cn_alteration_15": 0.0022544255219113904,
  "cn_alteration_16": 0.0003210998642206282,
  "cn_alteration_17": 0.001723654017691214,
  "cn_alteration_18": 0.002288183076682445,
  "cn_alteration_19": 0.001541800836054279,
  "fragmentomics_0": 0.0042696357499052776,
  "fragmentomics_1": 0.0019036357976637537,
  "fragmentomics_2": 0.0037054988388223217,
  "fragmentomics_3": 0.002727210866097493,
  "fragmentomics_4": 0.0024621102245696207,
  "fragmentomics_5": 0.0015882642759584434,
  "fragmentomics_6": 0.0034907876647324583,
  "fragmentomics_7": 0.0037117744795715085,
  "fragmentomics_8": 0.002534283064213299,
  "fragmentomics_9": 0.004347769218371129,
  "fragmentomics_10": 0.0027575601812137567,
  "fragmentomics_11": 0.0018986225875424426,
  "fragmentomics_12": 0.004746487526498832,
  "fragmentomics_13": 0.00302886463446915,
  "fragmentomics_14": 0.002817113481854489,
  "clinical_0": 0.0015938986900204243,
  "clinical_1": 0.0026030042084408092,
  "clinical_2": 0.0035818227263610075,
  "clinical_3": 0.0021701115438113364,
  "clinical_4": 0.0037446469333934427,
  "clinical_5": 0.00223070417205813,
  "clinical_6": 0.0033720906663065008,
  "clinical_7": 0.002733629990966736,
  "clinical_8": 0.0037763265666223935,
  "clinical_9": 0.002652624173119398,
  "icgc_argo_0": 0.0026913955747092286,
  "icgc_argo_1": 0.0022991083365277586,
  "icgc_argo_2": 0.0005859938021906999,
  "icgc_argo_3": 0.0022479218112342837,
  "icgc_argo_4": 0.002301379422086119,
  "icgc_argo_5": 0.002394702102684482,
  "icgc_argo_6": 0.0021515331830877895,
  "icgc_argo_7": 0.002599800664853376,
  "icgc_argo_8": 0.0023192095510712134,
  "icgc_argo_9": 0.0018836336690079654,
  "icgc_argo_10": 0.0020537984695131453,
  "icgc_argo_11": 0.002271029597184197,
  "icgc_argo_12": 0.0027070019888865106,
  "icgc_argo_13": 0.0019439156604598613,
  "icgc_argo_14": 0.003003813247454206,
  "icgc_argo_15": 0.002589897481346674,
  "icgc_argo_16": 0.001966447660605902,
  "icgc_argo_17": 0.0027242532746162185,
  "icgc_argo_18": 0.0021872675810530695,
  "icgc_argo_19": 0.002120105509946971
}
