{
  "timestamp": "2025-07-17T18:52:14.334849",
  "phase": "Phase 2 - Technical and Model Innovation",
  "purpose": "Advanced deep learning and ensemble methods for cancer genomics",
  "dataset_info": {
    "training_samples": 800,
    "test_samples": 200,
    "features": 110,
    "classes": 8
  },
  "models_trained": [
    "deep_neural_network",
    "gradient_boosting",
    "random_forest"
  ],
  "results": {
    "deep_neural_network": {
      "train_accuracy": 0.99375,
      "test_accuracy": 0.91,
      "cv_mean": 0.87625,
      "cv_std": 0.01912132317597294,
      "model_params": {
        "activation": "relu",
        "alpha": 0.0001,
        "batch_size": "auto",
        "beta_1": 0.9,
        "beta_2": 0.999,
        "early_stopping": true,
        "epsilon": 1e-08,
        "hidden_layer_sizes": [
          512,
          256,
          128,
          64
        ],
        "learning_rate": "adaptive",
        "learning_rate_init": 0.001,
        "max_fun": 15000,
        "max_iter": 1000,
        "momentum": 0.9,
        "n_iter_no_change": 20,
        "nesterovs_momentum": true,
        "power_t": 0.5,
        "random_state": 42,
        "shuffle": true,
        "solver": "adam",
        "tol": 0.0001,
        "validation_fraction": 0.1,
        "verbose": false,
        "warm_start": false
      },
      "loss_curve": [
        1.8291876438776282,
        1.3532256113450858,
        1.0815575590836735,
        0.8299220336931609,
        0.6099772381817606,
        0.4507412361901647,
        0.35202489612876475,
        0.24480954219270248,
        0.18853376103476116,
        0.14894374501201,
        0.13138559936602268,
        0.08829304741918492,
        0.05897642021939442,
        0.048451045012165406,
        0.03296434241871782,
        0.02171033427262026,
        0.018146754693232556,
        0.013860511444684873,
        0.010847832447276605,
        0.009010647878272632,
        0.007186421959414441,
        0.006036700031058697,
        0.005278928492100986,
        0.004721937769289256,
        0.004153099182495621,
        0.003758289153385657,
        0.0034416185661520667,
        0.0031607023673098597,
        0.0029371031459112,
        0.0027441873728799608,
        0.002564469947479969,
        0.0024070523340153534,
        0.0022697317430189815,
        0.0021494435598290646,
        0.0020434147647864437,
        0.0019337294747315962,
        0.0018509939845883572
      ]
    },
    "gradient_boosting": {
      "train_accuracy": 1.0,
      "test_accuracy": 1.0,
      "cv_mean": 1.0,
      "cv_std": 0.0,
      "feature_importance": [
        8.268197119671151e-06,
        8.386151023414364e-06,
        0.0015770219344610514,
        8.199599973418177e-06,
        0.00024974557754327937,
        0.0001420281571116039,
        0.0002730107164422831,
        0.00011814853477589437,
        2.9067329211558816e-05,
        0.0006869259865680222,
        8.112218726119089e-05,
        7.456204861405794e-05,
        0.00033334265810663633,
        1.0152265235977442e-05,
        0.0002027871327603477,
        0.00026852764583813087,
        0.0019123895403347845,
        3.91628396191848e-05,
        0.00012332544388536656,
        0.00017699829126032227,
        0.002320141822874817,
        0.0018575887985783181,
        0.002620436823948192,
        0.0009633120721182789,
        2.7886271009188896e-05,
        0.00025502938723531753,
        0.00010131186542762482,
        0.0013628553343471472,
        0.002658986617922808,
        0.0009684207999554406,
        0.00041364919544987805,
        0.0012127122093974578,
        0.00037893510058844193,
        0.005804035705150007,
        0.0006853876361528395,
        0.0002806024148352937,
        0.0018109257056480926,
        0.00039609984443741584,
        0.0005837781578892559,
        0.00082523337183831,
        0.00020311195000089315,
        0.004057135778080768,
        0.0001738803341336278,
        0.00433233975309016,
        0.00021268850837591937,
        0.03411049184817926,
        0.024957956893362145,
        0.047428701908082814,
        0.05057757651781218,
        0.084425494718624,
        0.04369429471255867,
        0.05204159371101365,
        0.04508326207311359,
        0.05070542112779727,
        0.039616087021288535,
        0.03590006476998851,
        0.026391725584752748,
        0.04814907906672031,
        0.06746682113131254,
        0.05303948645943865,
        0.04974308130152845,
        0.03578246846754463,
        0.050058342539393674,
        0.051613631002521906,
        0.06366275666238219,
        7.603629852301072e-05,
        0.00015687557321811407,
        1.8149465929489073e-06,
        2.5824792022022948e-06,
        0.0003072536057135021,
        0.00026103204373247545,
        2.6644570559755554e-05,
        0.00010757894933112134,
        5.418458129220968e-05,
        4.087696300063892e-06,
        6.9130800035290105e-06,
        9.08929822148339e-06,
        0.0003575755433740094,
        0.00015653890045372285,
        2.836439460465211e-05,
        0.000160870860259347,
        2.1496929920392495e-07,
        1.7972880114607272e-06,
        5.565967760633301e-06,
        2.961566780270566e-05,
        5.136354402004552e-06,
        1.6226377240018737e-05,
        4.986545290801169e-05,
        0.00022470934056186906,
        2.162395373422159e-05,
        2.0151918427828005e-05,
        0.00014171653039478388,
        6.712668299167543e-05,
        3.474426089992598e-06,
        0.00027485137463265465,
        5.369592319528848e-05,
        0.00025076767740491335,
        0.00014393062329494518,
        0.0003914546883124999,
        1.4053494970280362e-05,
        0.00014947801619368773,
        0.00020790616631222958,
        0.00025562884489626616,
        8.391959005531023e-05,
        1.1402158799966183e-05,
        0.00016769632578139866,
        6.543958563985589e-05,
        4.4707034116931045e-05,
        0.00020297330869582225,
        9.943222364423917e-05
      ],
      "model_params": {
        "ccp_alpha": 0.0,
        "criterion": "friedman_mse",
        "init": null,
        "learning_rate": 0.05,
        "loss": "log_loss",
        "max_depth": 8,
        "max_features": "sqrt",
        "max_leaf_nodes": null,
        "min_impurity_decrease": 0.0,
        "min_samples_leaf": 1,
        "min_samples_split": 2,
        "min_weight_fraction_leaf": 0.0,
        "n_estimators": 200,
        "n_iter_no_change": null,
        "random_state": 42,
        "subsample": 0.8,
        "tol": 0.0001,
        "validation_fraction": 0.1,
        "verbose": 0,
        "warm_start": false
      }
    },
    "random_forest": {
      "train_accuracy": 1.0,
      "test_accuracy": 1.0,
      "cv_mean": 1.0,
      "cv_std": 0.0,
      "oob_score": 1.0,