{
  "timestamp": "2025-07-17T18:14:47.946543",
  "phase": "Phase 2 - Technical and Model Innovation",
  "purpose": "Advanced deep learning and ensemble methods for cancer genomics",
  "dataset_info": {
    "training_samples": 800,
    "test_samples": 200,
    "features": 110,
    "classes": 8
  },
  "models_trained": [
    "deep_neural_network",
    "gradient_boosting",
    "random_forest"
  ],
  "results": {
    "deep_neural_network": {
      "train_accuracy": 1.0,
      "test_accuracy": 0.825,
      "cv_mean": 0.8025,
      "cv_std": 0.015103807466993201,
      "model_params": {
        "activation": "relu",
        "alpha": 0.001,
        "batch_size": "auto",
        "beta_1": 0.9,
        "beta_2": 0.999,
        "early_stopping": false,
        "epsilon": 1e-08,
        "hidden_layer_sizes": [
          256,
          128,
          64
        ],
        "learning_rate": "constant",
        "learning_rate_init": 0.001,
        "max_fun": 15000,
        "max_iter": 500,
        "momentum": 0.9,
        "n_iter_no_change": 10,
        "nesterovs_momentum": true,
        "power_t": 0.5,
        "random_state": 42,
        "shuffle": true,
        "solver": "adam",
        "tol": 0.0001,
        "validation_fraction": 0.1,
        "verbose": false,
        "warm_start": false
      },
      "loss_curve": [
        1.9729399309239821,
        1.5758910380796705,
        1.3349438953073238,
        1.1369814701044254,
        0.9825555200432968,
        0.8366185366210186,
        0.7123071086676849,
        0.5918458207751255,
        0.5054040250604456,
        0.4212598178748834,
        0.35157347887970447,
        0.29553252976089994,
        0.25204404742698183,
        0.2047732194213741,
        0.17129155117832312,
        0.1453272171700995,
        0.11773170269979079,
        0.09895527894177544,
        0.0859153261887833,
        0.06995175907482919,
        0.05979638907075319,
        0.049517551305017074,
        0.0434917668568937,
        0.03717792326275067,
        0.03141156723210376,
        0.02715198967094882,
        0.023821899280993052,
        0.021100014532864524,
        0.01888073847615097,
        0.01698938163299353,
        0.015516228062137231,
        0.014141337082507388,
        0.013035799696022364,
        0.012129301025815775,
        0.011124563760717892,
        0.010417550993525631,
        0.009738160505130065,
        0.00915786187998844,
        0.008644550783618416,
        0.008126471576243055,
        0.007742170636301784,
        0.007313151673693583,
        0.00694154740369503,
        0.006617396617410314,
        0.006312941629823362,
        0.006053015815403597,
        0.005799789344782369,
        0.005563268690901173,
        0.005354677128241714,
        0.0051591239814286404,
        0.004969701634874323,
        0.004796146602396811,
        0.004640345622623175,
        0.004490997240761067,
        0.004361393942980852,
        0.004221982911844798,
        0.004093899769470768,
        0.00397821354422708,
        0.0038748746791525475,
        0.003773579909894224,
        0.003687412421402443,
        0.0035905680179644096,
        0.0035015222355249177,
        0.003425715176253359,
        0.0033503914240793427,
        0.0032765347795318447,
        0.0032096965271654386,
        0.0031452573413611904,
        0.003086522682712258,
        0.0030268033790245502,
        0.002968641545759585
      ]
    },
    "gradient_boosting": {
      "train_accuracy": 1.0,
      "test_accuracy": 0.945,
      "cv_mean": 0.905,
      "cv_std": 0.02994787137677735,
      "feature_importance": [
        0.004989624175627944,
        0.006603576777113457,
        0.005355801103554623,
        0.009139499198709653,
        0.004074699968207733,
        0.006984189381004075,
        0.005119941743859739,
        0.005687011046535091,
        0.007342660059646893,
        0.005708174411576253,
        0.006373863767950416,
        0.006995344008359951,
        0.007223121027134962,
        0.005784603877529117,
        0.005363214160887923,
        0.006487259244541907,
        0.0056767730677964486,
        0.007589675609850888,
        0.005658652406080265,
        0.004524133074047595,
        0.025448816879509967,
        0.027292600188624797,
        0.016633273501366872,
        0.02322185100159087,
        0.03166865622043958,
        0.03233724973341945,
        0.0365749730911419,
        0.032792891641088735,
        0.02053789093254023,
        0.025088516194978854,
        0.03293923276188466,
        0.03925495912007772,
        0.032363527710231474,
        0.024257170463385602,
        0.02292694621244267,
        0.029078419150973103,
        0.026229649888468525,
        0.032621140477689506,
        0.034514699331035646,
        0.017786132407725082,
        0.02350398750848086,
        0.035918892770630824,
        0.024069223286465873,
        0.018692324854077565,
        0.018319884859457153,
        0.003056156738529382,
        0.003369229311356646,
        0.0029461672900275137,
        0.0021553371127862107,
        0.003094527305178595,
        0.0031493604231046025,
        0.003490001114238205,
        0.002700233109401738,
        0.0028826354172061443,
        0.003360459236071472,
        0.0036174395719939054,
        0.0030670403295227347,
        0.001712418227122891,
        0.002982548203295116,
        0.0029880688528195233,
        0.004133310047296054,
        0.0037252964180443217,
        0.0030043032964009856,
        0.003006561543581199,
        0.002576291621455555,
        0.003316880069820944,
        0.0033030212010218382,
        0.0030736412525748345,
        0.004125323769210657,
        0.002833911370970594,
        0.002152407338272865,
        0.0033554356786986957,
        0.003882429719514891,
        0.001628204414032306,
        0.0028912599539105523,
        0.00364677951138882,
        0.004699277634092418,
        0.0025813079736271335,
        0.003657493074683214,
        0.004502871991860927,
        0.0022544255219113904,
        0.0003210998642206282,
        0.001723654017691214,
        0.002288183076682445,
        0.001541800836054279,
        0.0042696357499052776,
        0.0019036357976637537,
        0.0037054988388223217,
        0.002727210866097493,
        0.0024621102245696207,
        0.0015882642759584434,
        0.0034907876647324583,
        0.0037117744795715085,
        0.002534283064213299,
        0.004347769218371129,
        0.0027575601812137567,
        0.0018986225875424426,
        0.004746487526498832,
        0.00302886463446915,
        0.002817113481854489,
        0.0015938986900204243,
        0.0026030042084408092,
        0.0035818227263610075,
        0.0021701115438113364,
        0.0037446469333934427,
        0.00223070417205813,
        0.0033720906663065008,
        0.002733629990966736,
        0.0037763265666223935,
        0.002652624173119398
      ],
      "model_params": {
        "ccp_alpha": 0.0,
        "criterion": "friedman_mse",
        "init": null,
        "learning_rate": 0.05,
        "loss": "log_loss",
        "max_depth": 8,
        "max_features": "sqrt",
        "max_leaf_nodes": null,
        "min_impurity_decrease": 0.0,
        "min_samples_leaf": 1,
        "min_samples_split": 2,
        "min_weight_fraction_leaf": 0.0,
        "n_estimators": 200,
        "n_iter_no_change": null,
        "random_state": 42,
        "subsample": 0.8,
        "tol": 0.0001,
        "validation_fraction": 0.1,
        "verbose": 0,
        "warm_start": false
      }
    },
    "random_forest": {
      "train_accuracy": 1.0,
      "test_accuracy": 0.955,
      "cv_mean": 0.9425000000000001,
      "cv_std": 0.013346347815039154,
      "oob_score": 0.9425,