file_id,platform,n_probes,global_methylation_mean,global_methylation_std,global_methylation_median,hypermethylated_probes,hypomethylated_probes,intermediate_methylated_probes,hypermethylation_ratio,hypomethylation_ratio,intermediate_ratio,methylation_variance,methylation_range,methylation_iqr,extreme_hypermethylation,extreme_hypomethylation,estimated_coverage,data_quality_score,sample_type,cancer_likelihood
2d0eabf8-19d5-4365-a3f9-055d9cb3cb87,Illumina Human Methylation 450,8469,0.5031641712363284,0.3641182372818873,0.567515279388675,3570.0,3262.0,1637.0,0.4215373715905065,0.38516944149250204,0.19329318691699138,0.13258209072126878,0.981886541567295,0.7828109300956727,1628.0,2272.0,8469,1.0,cancer,1.2408210153448194
7f41c622-3b1b-4709-9d09-b17096b2e5d7,Illumina Human Methylation 27,8905,0.24933275553746728,0.31578920803166516,0.0541689516993327,1365.0,6147.0,1393.0,0.15328467153284672,0.6902863559797866,0.15642897248736665,0.09972282390926629,0.9876009939846508,0.4332859410421008,554.0,5099.0,8905,1.0,cancer,0.6057378147934923
23262c50-eb20-4a21-8342-de9ed0ed2a95,Illumina Human Methylation 450,8624,0.5267292271983287,0.37817354140236487,0.6302956357028084,4038.0,3285.0,1301.0,0.4682282003710575,0.38091372912801486,0.15085807050092764,0.14301522741680617,0.9836304033056197,0.8195735953910182,2275.0,2341.0,8624,1.0,cancer,1.3655020829925335
65192809-7552-4057-b016-9764158be3ee,Illumina Human Methylation 450,8683,0.4998058335211986,0.3443372780053314,0.548404874365049,3223.0,3014.0,2446.0,0.3711850742830819,0.3471150524012438,0.2816998733156743,0.11856816102412089,0.9852964789327319,0.733609719197766,1453.0,2121.0,8683,1.0,cancer,1.0980746316385264
8cd4629e-c9ec-4168-9e2f-24a8822deeae,Illumina Human Methylation 450,8668,0.5327794434462577,0.3631520392213919,0.6141569206915385,3875.0,2930.0,1863.0,0.4470466082141209,0.33802491924319333,0.21492847254268574,0.13187940359065536,0.9830276660916256,0.7969320004532714,2035.0,2193.0,8668,1.0,cancer,1.2897314272002078
