{
  "test_accuracy": 0.423125,
  "test_f1_score": 0.33255758182178224,
  "best_val_accuracy": 0.43984375
}