{
  "test_accuracy": 0.8825,
  "test_f1_score": 0.8816409147335498,
  "best_val_accuracy": 0.9,
  "training_time_minutes": 1.0182811498641968,
  "config": {
    "embed_dim": 512,
    "n_heads": 16,
    "n_layers": 10,
    "dropout": 0.2,
    "ff_hidden_dim": 1024,
    "learning_rate": 0.0005,
    "weight_decay": 0.001,
    "focal_gamma": 2.0,
    "label_smoothing": 0.1,
    "max_epochs": 200,
    "patience": 30
  },
  "model_parameters": 23265608,
  "training_history": {
    "train_acc": [
      0.1125,
      0.17583333333333334,
      0.17916666666666667,
      0.2275,
      0.3441666666666667,
      0.505,
      0.7116666666666667,
      0.8116666666666666,
      0.8458333333333333,
      0.89
    ],
    "val_acc": [
      0.17,
      0.2325,
      0.375,
      0.48,
      0.5975,
      0.775,
      0.8525,
      0.875,
      0.895,
      0.9
    ],
    "train_loss": [
      1.9932160346131576,
      1.8495634009963589,
      1.8024446305475736,
      1.6346156942216974,
      1.314074340619539,
      0.9897737408939161,
      0.668148304286756,
      0.46701826861030177,
      0.3923893668933919,
      0.32242648578003835
    ],
    "val_loss": [
      1.6063895225524902,
      1.475445215518658,
      1.2911096169398382,
      1.067963801897489,
      0.799238397524907,
      0.5135962527531844,
      0.36522118517985713,
      0.3084913400503305,
      0.28632348202742064,
      0.29050157964229584
    ]
  },
  "data_info": {
    "total_samples": 2000,
    "features": 110,
    "cancer_types": [
      "BRCA",
      "LUAD",
      "COAD",
      "PRAD",
      "STAD",
      "KIRC",
      "HNSC",
      "LIHC"
    ],
    "data_source": "Real TCGA Clinical Data"
  }
}