{
  "test_accuracy": 0.9125,
  "test_f1_score": 0.9131183389401284,
  "best_val_accuracy": 0.9025,
  "training_time_minutes": 1.1511943697929383,
  "config": {
    "embed_dim": 512,
    "n_heads": 16,
    "n_layers": 10,
    "dropout": 0.2,
    "ff_hidden_dim": 1024,
    "learning_rate": 0.0005,
    "weight_decay": 0.001,
    "focal_gamma": 2.0,
    "label_smoothing": 0.1,
    "max_epochs": 200,
    "patience": 30
  },
  "model_parameters": 23265608,
  "training_history": {
    "train_acc": [
      0.12916666666666668,
      0.16,
      0.21916666666666668,
      0.2575,
      0.35333333333333333,
      0.5191666666666667,
      0.6816666666666666,
      0.8116666666666666,
      0.855,
      0.895,
      0.8925,
      0.9125
    ],
    "val_acc": [
      0.185,
      0.285,
      0.3975,
      0.5,
      0.6175,
      0.715,
      0.8,
      0.8725,
      0.82,
      0.84,
      0.8825,
      0.9025
    ],
    "train_loss": [
      1.9436776983110529,
      1.8527829615693343,
      1.7041616816269725,
      1.5384057760238647,
      1.3313034443478835,
      0.96571316060267,
      0.6934942587425834,
      0.46761124541884974,
      0.37517790339495005,
      0.3179510443618423,
      0.3032419081581266,
      0.2587218829675725
    ],
    "val_loss": [
      1.5797085670324473,
      1.422462876026447,
      1.262533215376047,
      1.036801856297713,
      0.774340244439932,
      0.5908381961859189,
      0.41131381346629214,
      0.3266986837753883,
      0.4514096425129817,
      0.4286434283623329,
      0.29834566895778364,
      0.2779327522103603
    ]
  },
  "data_info": {
    "total_samples": 2000,
    "features": 110,
    "cancer_types": [
      "BRCA",
      "LUAD",
      "COAD",
      "PRAD",
      "STAD",
      "KIRC",
      "HNSC",
      "LIHC"
    ],
    "data_source": "Real TCGA Clinical Data"
  }
}