{
  "top_biomarkers": {
    "feature_49": 0.0659882823892983,
    "feature_58": 0.0578177489376067,
    "feature_64": 0.0554359999546155,
    "feature_63": 0.0543302357666086,
    "feature_59": 0.0513421013007212,
    "feature_62": 0.0513234886081774,
    "feature_51": 0.050510289826508,
    "feature_53": 0.04978402784443,
    "feature_52": 0.0493198716160447,
    "feature_47": 0.0491473715986529,
    "feature_50": 0.0471956448522667,
    "feature_48": 0.0469413120939749,
    "feature_60": 0.0453745735885625,
    "feature_57": 0.0449572095802115,
    "feature_54": 0.0411827969844483,
    "feature_61": 0.0395701486335961,
    "feature_45": 0.0385756264078453,
    "feature_55": 0.0378095801001471,
    "feature_56": 0.0363207591339087,
    "feature_46": 0.0357811390259872
  },
  "biomarker_categories": {
    "methylation": [],
    "mutation": [],
    "cn_alteration": [],
    "fragmentomics": [],
    "clinical": [],
    "icgc_argo": []
  },
  "biological_implications": {}
}