{
  "timestamp": "2025-07-17T18:23:04.567401",
  "phase": "Phase 3 - Generalization and Biological Discovery",
  "generalization_performance": {
    "average_accuracy": 0.11364091273018415,
    "best_model": "deep_neural_network",
    "best_accuracy": 0.11709367493995196,
    "detailed_results": {
      "deep_neural_network": {
        "accuracy": 0.11709367493995196,
        "classification_report": {
          "0": {
            "precision": 0.2545871559633027,
            "recall": 0.9875444839857651,
            "f1-score": 0.4048140043763676,
            "support": 562.0
          },
          "1": {
            "precision": 0.026690391459074734,
            "recall": 0.05338078291814947,
            "f1-score": 0.03558718861209965,
            "support": 562.0
          },
          "2": {
            "precision": 0.0,
            "recall": 0.0,
            "f1-score": 0.0,
            "support": 562.0
          },
          "3": {
            "precision": 0.0,
            "recall": 0.0,
            "f1-score": 0.0,
            "support": 562.0
          },
          "4": {
            "precision": 0.0,
            "recall": 0.0,
            "f1-score": 0.0,
            "support": 562.0
          },
          "5": {
            "precision": 0.0,
            "recall": 0.0,
            "f1-score": 0.0,
            "support": 562.0
          },
          "6": {
            "precision": 0.0,
            "recall": 0.0,
            "f1-score": 0.0,
            "support": 562.0
          },
          "7": {
            "precision": 0.0,
            "recall": 0.0,
            "f1-score": 0.0,
            "support": 562.0
          },
          "8": {
            "precision": 0.0,
            "recall": 0.0,
            "f1-score": 0.0,
            "support": 500.0
          },
          "accuracy": 0.11709367493995196,
          "macro avg": {
            "precision": 0.031253060824708606,
            "recall": 0.11565836298932385,
            "f1-score": 0.04893346588760747,
            "support": 4996.0
          },
          "weighted avg": {
            "precision": 0.03164090905752124,
            "recall": 0.11709367493995196,
            "f1-score": 0.04954072667324231,
            "support": 4996.0
          }
        }
      },
      "gradient_boosting": {
        "accuracy": 0.11248999199359487,
        "classification_report": {
          "0": {
            "precision": 0.2014336917562724,
            "recall": 1.0,
            "f1-score": 0.3353221957040573,
            "support": 562.0
          },
          "1": {
            "precision": 0.0,
            "recall": 0.0,
            "f1-score": 0.0,
            "support": 562.0
          },
          "2": {
            "precision": 0.0,
            "recall": 0.0,
            "f1-score": 0.0,
            "support": 562.0
          },
          "3": {
            "precision": 0.0,
            "recall": 0.0,
            "f1-score": 0.0,
            "support": 562.0
          },
          "4": {
            "precision": 0.0,
            "recall": 0.0,
            "f1-score": 0.0,
            "support": 562.0
          },
          "5": {
            "precision": 0.0,
            "recall": 0.0,
            "f1-score": 0.0,
            "support": 562.0
          },
          "6": {
            "precision": 0.0,
            "recall": 0.0,
            "f1-score": 0.0,
            "support": 562.0
          },
          "7": {
            "precision": 0.0,
            "recall": 0.0,
            "f1-score": 0.0,
            "support": 562.0
          },
          "8": {
            "precision": 0.0,
            "recall": 0.0,
            "f1-score": 0.0,
            "support": 500.0
          },
          "accuracy": 0.11248999199359487,
          "macro avg": {
            "precision": 0.02238152130625249,
            "recall": 0.1111111111111111,
            "f1-score": 0.03725802174489526,
            "support": 4996.0
          },
          "weighted avg": {
            "precision": 0.02265927437290334,
            "recall": 0.11248999199359487,
            "f1-score": 0.03772039111002406,
            "support": 4996.0
          }
        }
      },
      "random_forest": {
        "accuracy": 0.11248999199359487,
        "classification_report": {
          "0": {
            "precision": 0.20042796005706134,
            "recall": 1.0,
            "f1-score": 0.33392751039809865,
            "support": 562.0
          },
          "1": {
            "precision": 0.0,
            "recall": 0.0,
            "f1-score": 0.0,
            "support": 562.0
          },
          "2": {
            "precision": 0.0,
            "recall": 0.0,
            "f1-score": 0.0,
            "support": 562.0
          },
          "3": {
            "precision": 0.0,
            "recall": 0.0,
            "f1-score": 0.0,
            "support": 562.0
          },
          "4": {
            "precision": 0.0,
            "recall": 0.0,
            "f1-score": 0.0,
            "support": 562.0
          },
          "5": {
            "precision": 0.0,
            "recall": 0.0,
            "f1-score": 0.0,
            "support": 562.0
          },
          "6": {
            "precision": 0.0,
            "recall": 0.0,
            "f1-score": 0.0,
            "support": 562.0
          },
          "7": {
            "precision": 0.0,
            "recall": 0.0,
            "f1-score": 0.0,
            "support": 562.0
          },
          "8": {
            "precision": 0.0,
            "recall": 0.0,
            "f1-score": 0.0,
            "support": 500.0
          },
          "accuracy": 0.11248999199359487,
          "macro avg": {
            "precision": 0.022269773339673483,
            "recall": 0.1111111111111111,
            "f1-score": 0.03710305671089985,
            "support": 4996.0
          },
          "weighted avg": {
            "precision": 0.022546139622111383,
            "recall": 0.11248999199359487,
            "f1-score": 0.03756350297112319,
            "support": 4996.0
          }
        }
      },
      "ensemble": {
        "accuracy": 0.11248999199359487,
        "classification_report": {
          "0": {
            "precision": 0.20791712911579727,
            "recall": 1.0,
            "f1-score": 0.3442572741194487,
            "support": 562.0
          },
          "1": {
            "precision": 0.0,
            "recall": 0.0,
            "f1-score": 0.0,
            "support": 562.0
          },
          "2": {
            "precision": 0.0,
            "recall": 0.0,
            "f1-score": 0.0,
            "support": 562.0
          },
          "3": {
            "precision": 0.0,
            "recall": 0.0,
            "f1-score": 0.0,
            "support": 562.0
          },
          "4": {
            "precision": 0.0,
            "recall": 0.0,
            "f1-score": 0.0,
            "support": 562.0
          },
          "5": {
            "precision": 0.0,
            "recall": 0.0,
            "f1-score": 0.0,
            "support": 562.0
          },
          "6": {
            "precision": 0.0,
            "recall": 0.0,
            "f1-score": 0.0,
            "support": 562.0
          },
          "7": {
            "precision": 0.0,
            "recall": 0.0,
            "f1-score": 0.0,
            "support": 562.0
          },
          "8": {
            "precision": 0.0,
            "recall": 0.0,
            "f1-score": 0.0,
            "support": 500.0
          },
          "accuracy": 0.11248999199359487,
          "macro avg": {
            "precision": 0.023101903235088584,
            "recall": 0.1111111111111111,
            "f1-score": 0.038250808235494295,
            "support": 4996.0
          },
          "weighted avg": {
            "precision": 0.02338859618956727,
            "recall": 0.11248999199359487,
            "f1-score": 0.038725498009433576,
            "support": 4996.0
          }
        }
      }
    }
  },