{
  "timestamp": "2025-07-17T18:52:51.961396",
  "phase": "Phase 3 - Generalization and Biological Discovery",
  "generalization_performance": {
    "average_accuracy": 0.4110288230584468,
    "best_model": "random_forest",
    "best_accuracy": 0.47037630104083267,
    "detailed_results": {
      "deep_neural_network": {
        "accuracy": 0.35348278622898316,
        "classification_report": {
          "0": {
            "precision": 0.44823788546255505,
            "recall": 0.7241992882562278,
            "f1-score": 0.5537414965986395,
            "support": 562.0
          },
          "1": {
            "precision": 0.5031847133757962,
            "recall": 0.28113879003558717,
            "f1-score": 0.3607305936073059,
            "support": 562.0
          },
          "2": {
            "precision": 0.10089686098654709,
            "recall": 0.0800711743772242,
            "f1-score": 0.08928571428571429,
            "support": 562.0
          },
          "3": {
            "precision": 0.12203389830508475,
            "recall": 0.12811387900355872,
            "f1-score": 0.125,
            "support": 562.0
          },
          "4": {
            "precision": 0.0755813953488372,
            "recall": 0.0693950177935943,
            "f1-score": 0.07235621521335807,
            "support": 562.0
          },
          "5": {
            "precision": 0.30412371134020616,
            "recall": 0.4199288256227758,
            "f1-score": 0.35276532137518685,
            "support": 562.0
          },
          "6": {
            "precision": 0.454337899543379,
            "recall": 0.708185053380783,
            "f1-score": 0.5535465924895688,
            "support": 562.0
          },
          "7": {
            "precision": 0.7210526315789474,
            "recall": 0.7313167259786477,
            "f1-score": 0.726148409893993,
            "support": 562.0
          },
          "8": {
            "precision": 0.0,
            "recall": 0.0,
            "f1-score": 0.0,
            "support": 500.0
          },
          "accuracy": 0.35348278622898316,
          "macro avg": {
            "precision": 0.3032721106601503,
            "recall": 0.34914986160537764,
            "f1-score": 0.31484159371819626,
            "support": 4996.0
          },
          "weighted avg": {
            "precision": 0.3070356957003683,
            "recall": 0.35348278622898316,
            "f1-score": 0.31874875520949497,
            "support": 4996.0
          }
        }
      },
      "gradient_boosting": {
        "accuracy": 0.4287429943955164,
        "classification_report": {
          "0": {
            "precision": 0.4017155110793424,
            "recall": 1.0,
            "f1-score": 0.5731769505354412,
            "support": 562.0
          },
          "1": {
            "precision": 0.49777777777777776,
            "recall": 0.398576512455516,
            "f1-score": 0.4426877470355731,
            "support": 562.0
          },
          "2": {
            "precision": 0.5579567779960707,
            "recall": 0.505338078291815,
            "f1-score": 0.5303454715219421,
            "support": 562.0
          },
          "3": {
            "precision": 0.593167701863354,
            "recall": 0.3398576512455516,
            "f1-score": 0.4321266968325792,
            "support": 562.0
          },
          "4": {
            "precision": 0.4618834080717489,
            "recall": 0.3665480427046263,
            "f1-score": 0.4087301587301587,
            "support": 562.0
          },
          "5": {
            "precision": 0.32752613240418116,
            "recall": 0.16725978647686832,
            "f1-score": 0.22143698468786807,
            "support": 562.0
          },
          "6": {
            "precision": 0.28431372549019607,
            "recall": 0.10320284697508897,
            "f1-score": 0.1514360313315927,
            "support": 562.0
          },
          "7": {
            "precision": 0.3792603335750544,
            "recall": 0.9306049822064056,
            "f1-score": 0.5388974755280783,
            "support": 562.0
          },
          "8": {
            "precision": 0.0,
            "recall": 0.0,
            "f1-score": 0.0,
            "support": 500.0
          },
          "accuracy": 0.4287429943955164,
          "macro avg": {
            "precision": 0.389289040917525,
            "recall": 0.42348754448398573,
            "f1-score": 0.3665375018003593,
            "support": 4996.0
          },
          "weighted avg": {
            "precision": 0.39412008986405955,
            "recall": 0.4287429943955164,
            "f1-score": 0.37108620578587215,
            "support": 4996.0
          }
        }
      },
      "random_forest": {
        "accuracy": 0.47037630104083267,
        "classification_report": {
          "0": {
            "precision": 0.46716541978387366,
            "recall": 1.0,
            "f1-score": 0.6368271954674221,
            "support": 562.0
          },
          "1": {
            "precision": 0.6465798045602605,
            "recall": 0.7064056939501779,
            "f1-score": 0.6751700680272109,
            "support": 562.0
          },
          "2": {
            "precision": 0.6244239631336406,
            "recall": 0.4822064056939502,
            "f1-score": 0.5441767068273092,
            "support": 562.0
          },
          "3": {
            "precision": 0.5434083601286174,
            "recall": 0.30071174377224197,
            "f1-score": 0.38717067583046966,
            "support": 562.0
          },
          "4": {
            "precision": 0.40925925925925927,
            "recall": 0.3932384341637011,
            "f1-score": 0.4010889292196007,
            "support": 562.0
          },
          "5": {
            "precision": 0.3042071197411003,
            "recall": 0.16725978647686832,
            "f1-score": 0.2158438576349024,
            "support": 562.0
          },
          "6": {
            "precision": 0.28942807625649913,
            "recall": 0.297153024911032,
            "f1-score": 0.2932396839332748,
            "support": 562.0
          },
          "7": {
            "precision": 0.4652777777777778,
            "recall": 0.8345195729537367,
            "f1-score": 0.597452229299363,
            "support": 562.0
          },
          "8": {
            "precision": 0.0,
            "recall": 0.0,
            "f1-score": 0.0,
            "support": 500.0
          },
          "accuracy": 0.47037630104083267,
          "macro avg": {
            "precision": 0.41663886451566984,
            "recall": 0.46461051799130093,
            "f1-score": 0.4167743718043948,
            "support": 4996.0
          },
          "weighted avg": {
            "precision": 0.4218093228022934,
            "recall": 0.47037630104083267,
            "f1-score": 0.4219465117267071,
            "support": 4996.0
          }
        }
      },
      "ensemble": {
        "accuracy": 0.3915132105684548,
        "classification_report": {
          "0": {
            "precision": 0.45840130505709625,
            "recall": 1.0,
            "f1-score": 0.6286353467561522,
            "support": 562.0
          },
          "1": {
            "precision": 0.7765151515151515,
            "recall": 0.36476868327402134,
            "f1-score": 0.4963680387409201,
            "support": 562.0
          },
          "2": {
            "precision": 0.26013513513513514,
            "recall": 0.13701067615658363,
            "f1-score": 0.1794871794871795,
            "support": 562.0
          },
          "3": {
            "precision": 0.17958412098298676,
            "recall": 0.16903914590747332,
            "f1-score": 0.17415215398716774,
            "support": 562.0
          },
          "4": {
            "precision": 0.13267326732673268,
            "recall": 0.11921708185053381,
            "f1-score": 0.12558575445173384,