source,sum,mean,count
GEO,0.30298410426120137,0.0019933164754026406,152
ICGC,0.1937318191592651,0.0020392823069396325,95
ICGC_ARGO,0.2876143390216609,0.002025453091701837,142
TCGA,0.21566973755787283,0.001942970608629485,111
