model,test_accuracy,cv_mean,cv_std
Random Forest,0.27,0.27249999999999996,0.003061862178478989
Gradient Boosting,0.205,0.22625,0.03432382554436496
Logistic Regression,0.36,0.34500000000000003,0.041720798170696585
SVM,0.27,0.27249999999999996,0.003061862178478989
