{
  "LightGBM": {
    "train_accuracy": 1.0,
    "test_accuracy": 0.14545454545454545,
    "train_balanced_accuracy": 1.0,
    "test_balanced_accuracy": 0.1076822423194056,
    "cv_balanced_accuracy": 0.6857142857142856,
    "cv_std": 0.032271104235590875,
    "training_time": 241.81925296783447
  },
  "XGBoost": {
    "train_accuracy": 0.9853137516688919,
    "test_accuracy": 0.1393939393939394,
    "train_balanced_accuracy": 0.9853137516688919,
    "test_balanced_accuracy": 0.0999200861748965,
    "cv_balanced_accuracy": 0.6881174899866488,
    "cv_std": 0.04453172242686867,
    "training_time": 112.3527500629425
  },
  "RandomForest": {
    "train_accuracy": 0.7347574543836226,
    "test_accuracy": 0.13484848484848486,
    "train_balanced_accuracy": 0.7347574543836225,
    "test_balanced_accuracy": 0.13054643888068845,
    "cv_balanced_accuracy": 0.5475745438362261,
    "cv_std": 0.02028943028753111,
    "training_time": 3.466071844100952
  },
  "LogisticRegression": {
    "train_accuracy": 0.2970182465509568,
    "test_accuracy": 0.09848484848484848,
    "train_balanced_accuracy": 0.2970182465509568,
    "test_balanced_accuracy": 0.09723668874850842,
    "cv_balanced_accuracy": 0.27360925678682685,
    "cv_std": 0.019107003494827447,
    "training_time": 82.47483611106873
  }
}