{
  "balanced": {
    "balanced_accuracy": 0.9638888888888889,
    "macro_f1": 0.9633104041348722,
    "weighted_f1": 0.9633104041348722,
    "confusion_matrix": [
      [
        37,
        0,
        0,
        3,
        0,
        0,
        0,
        5
      ],
      [
        0,
        43,
        0,
        0,
        1,
        0,
        1,
        0
      ],
      [
        0,
        0,
        45,
        0,
        0,
        0,
        0,
        0
      ],
      [
        1,
        0,
        1,
        43,
        0,
        0,
        0,
        0
      ],
      [
        0,
        0,
        0,
        0,
        45,
        0,
        0,
        0
      ],
      [
        0,
        0,
        0,
        0,
        0,
        45,
        0,
        0
      ],
      [
        0,
        0,
        0,
        0,
        0,
        0,
        45,
        0
      ],
      [
        1,
        0,
        0,
        0,
        0,
        0,
        0,
        44
      ]
    ],
    "classification_report": {
      "BRCA": {
        "precision": 0.9487179487179487,
        "recall": 0.8222222222222222,
        "f1-score": 0.8809523809523809,
        "support": 45.0
      },
      "COAD": {
        "precision": 1.0,
        "recall": 0.9555555555555556,
        "f1-score": 0.9772727272727273,
        "support": 45.0
      },
      "HNSC": {
        "precision": 0.9782608695652174,
        "recall": 1.0,
        "f1-score": 0.989010989010989,
        "support": 45.0
      },
      "LIHC": {
        "precision": 0.9347826086956522,
        "recall": 0.9555555555555556,
        "f1-score": 0.945054945054945,
        "support": 45.0
      },
      "LUAD": {
        "precision": 0.9782608695652174,
        "recall": 1.0,
        "f1-score": 0.989010989010989,
        "support": 45.0
      },
      "LUSC": {
        "precision": 1.0,
        "recall": 1.0,
        "f1-score": 1.0,
        "support": 45.0
      },
      "PRAD": {
        "precision": 0.9782608695652174,
        "recall": 1.0,
        "f1-score": 0.989010989010989,
        "support": 45.0
      },
      "STAD": {
        "precision": 0.8979591836734694,
        "recall": 0.9777777777777777,
        "f1-score": 0.9361702127659575,
        "support": 45.0
      },
      "accuracy": 0.9638888888888889,
      "macro avg": {
        "precision": 0.9645302937228403,
        "recall": 0.9638888888888889,
        "f1-score": 0.9633104041348722,
        "support": 360.0
      },
      "weighted avg": {
        "precision": 0.9645302937228403,
        "recall": 0.9638888888888889,
        "f1-score": 0.9633104041348722,
        "support": 360.0
      }
    }
  },
  "imbalanced": {
    "balanced_accuracy": 0.9573804909560724,
    "macro_f1": 0.8982072126801652,
    "weighted_f1": 0.9387125580519898,
    "confusion_matrix": [
      [
        87,
        0,
        0,
        10,
        0,
        0,
        0,
        11
      ],
      [
        0,
        41,
        0,
        0,
        1,
        0,
        1,
        0
      ],
      [
        0,
        0,
        28,
        0,
        0,
        0,
        0,
        0
      ],
      [
        1,
        0,
        0,
        9,
        0,
        0,
        0,
        0
      ],
      [
        0,
        0,
        0,
        0,
        64,
        0,
        0,
        0
      ],
      [
        0,
        0,
        0,
        0,
        0,
        36,
        0,
        0
      ],
      [
        0,
        0,
        0,
        0,
        0,
        0,
        54,
        0
      ],
      [
        0,
        0,
        0,
        0,
        0,
        0,
        0,
        14
      ]
    ],
    "classification_report": {
      "BRCA": {
        "precision": 0.9886363636363636,
        "recall": 0.8055555555555556,
        "f1-score": 0.8877551020408163,
        "support": 108.0
      },
      "COAD": {
        "precision": 1.0,
        "recall": 0.9534883720930233,
        "f1-score": 0.9761904761904762,
        "support": 43.0
      },
      "HNSC": {
        "precision": 1.0,
        "recall": 1.0,
        "f1-score": 1.0,
        "support": 28.0
      },
      "LIHC": {
        "precision": 0.47368421052631576,
        "recall": 0.9,
        "f1-score": 0.6206896551724138,
        "support": 10.0
      },
      "LUAD": {
        "precision": 0.9846153846153847,
        "recall": 1.0,
        "f1-score": 0.9922480620155039,
        "support": 64.0
      },
      "LUSC": {
        "precision": 1.0,
        "recall": 1.0,
        "f1-score": 1.0,
        "support": 36.0
      },
      "PRAD": {
        "precision": 0.9818181818181818,
        "recall": 1.0,
        "f1-score": 0.9908256880733946,
        "support": 54.0
      },
      "STAD": {
        "precision": 0.56,
        "recall": 1.0,
        "f1-score": 0.717948717948718,
        "support": 14.0
      },
      "accuracy": 0.9327731092436975,
      "macro avg": {
        "precision": 0.8735942675745307,
        "recall": 0.9573804909560724,
        "f1-score": 0.8982072126801652,
        "support": 357.0
      },
      "weighted avg": {
        "precision": 0.9590564028334927,
        "recall": 0.9327731092436975,
        "f1-score": 0.9387125580519898,
        "support": 357.0
      }
    }
  },
  "robustness": {
    "balanced_accuracy_drop": 0.006508397932816545,
    "balanced_accuracy_drop_pct": 0.6752228402922065,
    "macro_f1_drop": 0.065103191454707,
    "macro_f1_drop_pct": 6.758277620096373
  }
}