Model,Accuracy,Balanced Accuracy,Precision,Recall,F1-Score,AUC,Training Time (s),CV Mean,CV Std
Advanced XGBoost,0.19047619047619047,0.1655062499400541,0.17718724461577598,0.19047619047619047,0.18089387116186909,0.6070999545910825,59.652766,0.7155647510948252,0.09823694637322926
LightGBM-SMOTE,0.19616977225672877,0.15733200609301734,0.17437977183916842,0.19616977225672877,0.17876063954868127,0.6080205271335809,156.865842,0.7619699705067478,0.1136207500997509
Advanced Stacking Ensemble,0.2111801242236025,0.13124118971366344,0.1701351386836056,0.2111801242236025,0.154676871804649,0.5951096919211185,437.836348,0.7865001340602378,0.11658283757703927
Deep Genomic Network,0.12939958592132506,0.12989579157280648,0.15796547539335382,0.12939958592132506,0.08171188332088965,0.5669024268205278,247.221469,0.12939958592132506,0.0
Ultra-Advanced Transformer,0.21583850931677018,0.09976076555023924,0.046794863534444994,0.21583850931677018,0.07691431960307753,0.49823204443671537,3369.254625,0.2158385093167702,2.7755575615628914e-17
